Threads,Time
1,0.000000
2,0.000000
4,0.000000
8,0.000000
